{"cameraMode":{"drawMode":0,"name":"Shaded","section":"Shading Mode"},"sceneLighting":true,"audioPlay":false,"sceneViewState":{"showFog":false,"showMaterialUpdate":false,"showSkybox":false,"showFlares":true,"showImageEffects":true,"showParticleSystems":true},"in2DMode":false,"pivot":{"x":-1.0480766296386719,"y":-0.673262894153595,"z":2.6044325828552248},"rotation":{"x":-0.06935986131429672,"y":-0.17416483163833619,"z":0.01229906640946865,"w":-0.9821937680244446},"size":7.386936664581299,"orthographic":false}