{"cameraMode":{"drawMode":0,"name":"Shaded","section":"Shading Mode"},"sceneLighting":false,"audioPlay":false,"sceneViewState":{"showFog":false,"showMaterialUpdate":false,"showSkybox":false,"showFlares":true,"showImageEffects":true,"showParticleSystems":true},"in2DMode":false,"pivot":{"x":9.819999694824219,"y":3.390000104904175,"z":0.0},"rotation":{"x":0.008999697864055634,"y":0.000002149419970010058,"z":5.7868092540047658e-8,"w":-0.9999595284461975},"size":0.2857886552810669,"orthographic":false}