{"cameraMode":{"drawMode":0,"name":"Shaded","section":"Shading Mode"},"sceneLighting":false,"audioPlay":false,"sceneViewState":{"showFog":false,"showMaterialUpdate":false,"showSkybox":false,"showFlares":true,"showImageEffects":true,"showParticleSystems":true},"in2DMode":false,"pivot":{"x":-1.7881393432617188e-7,"y":1.8931485414505005,"z":0.711275577545166},"rotation":{"x":-0.011809256859123707,"y":-0.17753879725933076,"z":0.002130642533302307,"w":-0.9840406775474548},"size":8.095587730407715,"orthographic":false}